品目,読み,読み(カナ),区分,ポイント
ICレコーダー,ICれこーだー,ICレコーダー,拠回,電池をはずして出す
アイロン,あいろん,アイロン,拠回 燃やす,危険がないように厚紙等に包んで持ち込む(「燃やす」で出す場合も危険がないように厚紙等に包んで袋の中央に入れる)
アイロン台,あいろんだい,アイロンダイ,大型,
圧力鍋,あつりょくなべ,アツリョクナベ,小金 大型,柄の部分を含めて30cm以下は「小金」。それ以外は「大型」
油(機械用),あぶら,アブラ,禁止,販売店に相談。移動式拠点回収も可(20リットルまで)
油(食用),あぶら,アブラ,拠回,植物性油に限る。ラードなどの動物性油は紙等に染み込ませて「燃やす」へ
油こし器,あぶらこしき,アブラコシキ,小金 燃やす,金属製で30cm以下のものは「小金」それ以外は「燃やす」
油よけ(コンロの周りに使用するもの）,あぶらよけ,アブラヨケ,燃やす 小金 大型,アルミホイル状のものは「燃やす」簡易なつくりで30cm以下の金属板は「小金」。それ以外は「大型」
網(板状のもの),あみ,アミ,小金 大型,簡易な作りで30cm以下の金属板は「小金」。それ以外は「大型」
網戸,あみど,アミド,大型,
アルバム,あるばむ,アルバム,燃やす 大型,高さ30cm程度で1束にする。少量なら「燃やす」
アルミのコップ,あるみのこっぷ,アルミノコップ,小金 燃やす,紙とアルミ箔でできた柔らかい皿は「燃やす」
アルミの皿,あるみのさら,アルミノサラ,小金 燃やす,紙とアルミ箔でできた柔らかい皿は「燃やす」
アルミ箔の鍋,あるみはくのなべ,アルミハクノナベ,燃やす,インスタントの鍋焼きうどん等
アンテナ,あんてな,アンテナ,大型,小さく束ねて出す
アンプ,あんぷ,アンプ,拠回 大型,高さ30cm×幅40cm×奥行40cm以下のものは「拠回」、それより大きい場合は「大型」
衣装ケース,いしょうけーす,イショウケース,大型,
衣装箱,いしょうばこ,イショウバコ,大型,
イス,いす,イス,大型,
一輪車,いちりんしゃ,イチリンシャ,大型,
一升びん,いっしょうびん,イッショウビン,店頭 拠回 燃やす,中をすすぐ。割れたものは危険がないように厚紙等に包んで袋の中央に入れ「燃やす」へ
一斗缶,いっとかん,イットカン,大型,缶の中身は空にする
衣類,いるい,イルイ,拠回 燃やす,汚れがひどい・とれないものは「燃やす」へ
衣類乾燥機,いるいかんそうき,イルイカンソウキ,リ法,
入れ歯,いれば,イレバ,燃やす,
インクカートリッジ,いんくかーとりっじ,インクカートリッジ,店頭 拠回,
植木,うえき,ウエキ,燃やす 大型,1回の排出で2袋までは「燃やす」(片手で持てる重さ)。それ以外は「大型」
植木鉢,うえきばち,ウエキバチ,燃やす 大型,1回の排出で2袋までは「燃やす」(片手で持てる重さ)。それ以外は「大型」
浮き輪,うきわ,ウキワ,燃やす,
臼(うす),うす,ウス,大型 店頭,石臼は不可。販売店等へ相談
ウッドパネル,うっどぱねる,ウッドバネル,大型,
腕時計,うでどけい,ウデドケイ,拠回,電池をはずして出す
エアーマット,えあーまっと,エアーマット,大型,
エアコン,えあこん,エアコン,リ法,室外機含む
エアゾール缶,えあぞーるかん,エアゾールカン,小金,中身が残っている場合は火の気のない屋外で使い切ってから穴を開けずに出す。プラ製のキャップは「プラ」へ
枝葉,えだは,エダハ,拠回 燃やす 大型,長さは1m、重さは20kg以内で束ねていれば移動式拠点回収可(土は取り除く)。1回の排出で2袋までは「燃やす」(片手で持てる重さ)、それ以外は「大型」
絵の具,えのぐ,エノグ,燃やす 拠回,移動式拠点回収も可
MOディスク,MOMDLDでぃすく,MOディスク,拠回 燃やす,中身と一緒ならケースごと回収。ケースのみは不可(「燃やす」へ)
MDディスク,MOMDLDでぃすく,MDディスク,拠回 燃やす,中身と一緒ならケースごと回収。ケースのみは不可(「燃やす」へ)
LDディスク,MOMDLDでぃすく,LDディスク,拠回 燃やす,中身と一緒ならケースごと回収。ケースのみは不可(「燃やす」へ)
MDプレイヤー,MDぷれいやー,MDプレイヤー,拠回,電池をはずして出す
LDプレイヤー,LDぷれいやー,LDプレイヤー,拠回 大型,高さ30cm×幅40cm×奥行40cm以下のものは「拠回」、それより大きい場合は「大型」
LPガスボンベ,LPがすぼんべ,LPガスボンベ,禁止,販売店や製造会社に相談
エンジンオイル,えんじんおいる,エンジンオイル,禁止 拠回,自宅での交換の場合、ガソリンスタンドや販売店に引き取りを相談。移動式拠点回収も可(20リットルまで)
延長コード,えんちょうこーど,エンチョウコード,拠回,
鉛筆削り(電動),えんぴつけずり,エンピツケズリ,拠回,電池をはずして出す
オイル(自動車用など),おいる,オイル,禁止,ガソリンスタンドや販売店に相談移動式拠点回収でも回収可(20リットルまで)
オイルの缶(機械油),おいるのかん,オイルノカン,燃やす 大型,中は空にする。一斗缶は「大型」
オイルヒーター,おいるひーたー,オイルヒーター,大型,
オーディオセット,おーでぃおせっと,オーディオセット,拠回 大型,電池をはずして出す。高さ30cm×幅40cm×奥行40cm以下のものは「拠回」、それより大きい場合は「大型」
オーディオラック,おーでぃおらっく,オーディオラック,大型,
オートバイ,おーとばい,オートバイ,禁止,販売店や二輪車リサイクルコールセンターへ相談
オーブントースター,おーぶんとーすたー,オーブントースター,拠回 大型,高さ30cm×幅40cm×奥行40cm以下のものは「拠回」、それより大きい場合は「大型」
オーブンレンジ,おーぶんれんじ,オーブンレンジ,拠回,高さ30cm×幅40cm×奥行40cm以下のものは「拠回」、それより大きい場合は「大型」
落ち葉,おちば,オチバ,燃やす 大型,1回の排出で2袋までは「燃やす」(片手で持てる重さ)、それ以外は「大型」
おまる,おまる,オマル,大型,
おもちゃ(電気・電池で動くもの),おもちゃ,オモチャ,拠回 大型,電池をはずして出す。高さ30cm×幅40cm×奥行40cm以下のものは「拠回」、それより大きい場合は「大型」
オルガン,おるがん,オルガン,大型,
オルゴール,おるごーる,オルゴール,燃やす 大型,片手で持てる重さなら「燃やす」。それ以外は「大型」
おろしがね,おろしがね,オロシガネ,小金,
温度計,おんどけい,オンドケイ,拠回 燃やす,デジタル式、水銀を使ったもの。それ以外は「燃やす」へ
カーテン,かーてん,カーテン,燃やす 大型,1回の排出で2袋までは「燃やす」。それ以外は「大型」
カーテンレール,かーてんれーる,カーテンレール,大型,
カーペット,かーぺっと,カーペット,大型,
懐中電灯,かいちゅうでんとう,カイチュウデントウ,拠回,電池をはずして出す
カイロ,かいろ,カイロ,燃やす プラ,外袋は「プラ」
化学薬品,かがくやくひん,カガクヤクヒン,禁止,販売店に相談。移動式拠点回収も可(種類による)
鏡,かがみ,カガミ,燃やす 大型,片手で持てる重さなら「燃やす」。厚紙等に包んで袋の中央に入れ、危険のないように出す。それ以外は「大型」。
かき氷機,かきごおりき,カキゴオリキ,拠回 大型,電動式で高さ30cm×幅40cm×奥行40cm以下のものは「拠回」、それより大きい場合は「大型」
額縁,がくぶち,ガクブチ,大型,
家具類(たんすなど),かぐるい,カグルイ,大型,
かさ,かさ,カサ,燃やす 大型,1袋2本までなら「燃やす」。それ以外は大型」(1回の排出で20本まで)
かさ立て,かさたて,カサタテ,大型,
加湿器,かしつき,カシツキ,拠回 大型,電池をはずして出す。高さ30cm×幅40cm×奥行40cm以下のものは「拠回」、それより大きい場合は「大型」
ガスコンロ,がすこんろ,ガスコンロ,大型,
ガスボンベ,がすぼんべ,ガスボンベ,禁止,販売店や製造会社に相談。ただしカセットコンロ用は「カセット式ガスボンベ」参照
ガスレンジ,がすれんじ,ガスレンジ,大型,
カセット式ガスコンロ,かせっとしきがすこんろ,カセットシキガスコンロ,拠回,電池とボンベは外して出す
カセット式ガスボンベ,かせっとしきがすぼんべ,カセットシキガスボンベ,小金,中身が残っている場合は火の気のない屋外で使い切ってから穴を開けずに出す
ガソリン,がそりん,ガソリン,禁止,販売店に相談。移動式拠点回収も可(4リットルまで)
カタログ,かたろぐ,カタログ,雑がみ,
カッターナイフ,かったーないふ,カッターナイフ,拠回 燃やす,危険がないように厚紙等に包んで持ち込む(「燃やす」で出す場合も危険がないように厚紙等に包んで袋の中央に入れる)
カッパ,かっぱ,カッパ,燃やす,
かばん,かばん,カバン,燃やす 大型,1回の排出で2袋までは「燃やす」（片手で持てる重さ)。それ以外は「大型」
がびょう,がびょう,ガビョウ,燃やす,厚紙等に包んで袋の中央に入れ、危険のないように出す
花瓶,かびん,カビン,燃やす 大型,片手で持てる重さなら「燃やす」。厚紙等に包んで袋の中央に入れ、危険のないように出す。それ以外は「大型」
壁紙,かべがみ,カベガミ,燃やす 大型,1回の排出で2袋までは「燃やす」(片手で持てる重さ)。それ以外は「大型」
紙おむつ,かみおむつ,カミオムツ,燃やす,汚物をトイレに流してから袋等で包んで出す
紙きれ,かみきれ,カミキレ,雑がみ,
紙芯,かみしん,カミシン,雑がみ,
紙製のから箱,かみせいのからばこ,カミセイノカラバコ,雑がみ,
カミソリ,かみそり,カミソリ,拠回 燃やす,危険がないように厚紙等に包んで持ち込む(「燃やす」で出す場合も危険がないように厚紙等に包んで袋の中央に入れる)
紙パック,かみぱっく,カミパック,店頭 拠回 燃やす,内側にアルミ箔の貼ってあるもの酒類の紙パック)は「燃やす」へ
紙袋,かみぶくろ,カミブクロ,雑がみ,
紙やすり,かみやすり,カミヤスリ,燃やす,
ガムテープ,がむてーぷ,ガムテープ,燃やす,
カメラ,かめら,カメラ,拠回 燃やす,電池をはずして出す。使い捨てカメラは「燃やす」
カラーボックス,からーぼっくす,カラーボックス,大型,
カラオケセット,からおけせっと,カラオケセット,大型,
ガラス板,がらすいた,ガラスイタ,燃やす 大型,1回の排出で2袋までは「燃やす」（片手で持てる重さ。厚紙等に包んで袋の中央に入れ、危険のないように出す)。それ以外は「大型」
ガラス製品,がらすせいひん,ガラスセイヒン,燃やす 大型,1回の排出で2袋までは「燃やす」（片手で持てる重さ。厚紙等に包んで袋の中央に入れ、危険のないように出す)。それ以外は「大型」
瓦(かわら),かわら,カワラ,大型,
缶(飲料・食品用),かん,カン,缶等 大型,中をすすぐ。一斗缶は「大型」
缶(機械油用),かん,カン,燃やす 大型,一斗缶は「大型」
換気扇,かんきせん,カンキセン,拠回 大型,高さ30cm×幅40cm×奥行40cm以下のものは「拠回」、それより大きい場合は「大型」
缶切り,かんきり,カンキリ,拠回,
緩衝材 (エアーキャップ),かんしょうざい,カンショウザイ,プラ 燃やす,販売されている商品等を包装しているもの。ただし、プラ製以外のものは「燃やす」
エアーキャップ,えあーきゃっぷ,エアーキャップ,プラ 燃やす,販売されている商品等を包装しているもの。ただし、プラ製以外のものは「燃やす」
乾燥機 (食器乾燥機など),かんそうき,カンソウキ,大型 リ法,ただし衣類乾燥機は「リ法」
食器乾燥機,しょっきかんそうき,ショッキカンソウキ,大型 リ法,ただし衣類乾燥機は「リ法」
乾燥剤,かんそうざい,カンソウザイ,燃やす,袋をあけないこと
乾電池,かんでんち,カンデンチ,店頭 拠回,アルカリ乾電池、マンガン乾電池など
感熱紙(レシートなど),かんねつし,カンネツシ,燃やす,
レシート,れしーと,レシート,燃やす,
キーボード(楽器),きーぼーど,キーボード,大型,
キーボード(パソコン用),きーぼーど,キーボード,リ法 拠回,パソコンと一緒の場合はP17の方法でリサイクル。それ以外は「拠回」
ギター,ぎたー,ギター,大型,
脚立(きゃたつ),きゃたつ,キャタツ,大型,
キャップ(プラ製のふた),きゃっぷ,キャップ,プラ 燃やす,金属製、紙製は「燃やす」
救急箱,きゅうきゅうばこ,キュウキュウバコ,燃やす,
急須,きゅうす,キュウス,拠回 燃やす,陶磁器製は「拠回」(移動式回収のみ)。その他は「燃やす」
給湯器,きゅうとうき,キュウトウキ,大型,
牛乳びん,ぎゅうにゅうびん,ギュウニュウビン,店頭,販売店に返却
教科書,きょうかしょ,キョウカショ,雑がみ,
鏡台,きょうだい,キョウダイ,大型,鏡台の椅子は別途料金が必要
ドレッサー,どれっさー,ドレッサー,大型,ドレッサーの椅子は別途料金が必要
金庫 (耐火金庫),きんこ,キンコ,大型,重量によっては販売店等に相談。中身は空にして出す
金属製の板 (油よけなど),きんぞくせいのいたあぶらよけ,キンゾクセイノイタ,小金 大型,簡易な作りで30cm以下の金属板は小金」。それ以外は「大型」
空気入れ,くうきいれ,クウキイレ,大型,
空気清浄機,くうきせいじょうき,クウキセイジョウキ,拠回 大型,高さ30cm×幅40cm×奥行40cm以下のものは「拠回」、それより大きい場合は「大型」
クーラーボックス,くーらーぼっくす,クーラーボックス,大型,
くぎ,くぎ,クギ,燃やす,厚紙等に包んで袋の中央に入れ、危険のないように出す
草,くさ,クサ,燃やす 大型,1回の排出で2袋までは「燃やす」(片手で持てる重さ)、それ以外は「大型」
くさり,くさり,クサリ,小金 禁止,袋に入り、片手で持てる重さであれば「小金」。それ以外は販売店に相談
串,くし,クシ,燃やす,厚紙等に包んで袋の中央に入れ、危険のないように出す
薬(服用する必要がなくなり余った場合),くすり,クスリ,燃やす,
薬の容器,くすりのようき,クスリノヨウキ,缶等 プラ,中をすすぐ。びんは「缶等」。プラ製のものは「プラ」
口紅,くちべに,クチベニ,燃やす,
靴,くつ,クツ,燃やす 大型,1回の排出で2袋までは「燃やす」(片手で持てる重さ)。それ以外は「大型」
長ぐつ,ながぐつ,ナガグツ,燃やす 大型,1回の排出で2袋までは「燃やす」(片手で持てる重さ)。それ以外は「大型」
靴下,くつした,クツシタ,拠回 燃やす,汚れがひどい・とれないものは「燃やす」へ
クッション,くっしょん,クッション,燃やす 大型,1回の排出で2袋までは「燃やす」(片手で持てる重さ)。それ以外は「大型」
靴墨のチューブ,くつずみのちゅーぶ,クツズミノチューブ,燃やす,
クリアファイル,くりあふぁいる,クリアファイル,燃やす,
クリーニングの袋,くりーにんぐのふくろ,クリーニングノフクロ,燃やす,
クレヨン,くれよん,クレヨン,燃やす,
グローブ,ぐろーぶ,グローブ,燃やす,
グローランプ(点灯管),ぐろーらんぷ,グローランプ,燃やす,
点灯管,てんとうかん,テントウカン,燃やす,
蛍光管,けいこうとう,ケイコウトウ,拠回,割れたものは危険がないように厚紙等に包んで袋の中央に入れ「燃やす」へ
携帯液晶テレビ,けいたいえきしょうてれび,ケイタイエキショウテレビ,拠回,電池をはずして出す
携帯ラジオ,けいたいらじお,ケイタイラジオ,拠回,電池をはずして出す
携帯電話,けいたいでんわ,ケイタイデンワ,拠回,電池をはずして出す
PHS,PHS,PHS,拠回,電池をはずして出す
軽油,けいゆ,ケイユ,禁止,販売店に相談。移動式拠点回収も可(20リットルまで)
ケーブル,けーぶる,ケーブル,拠回,
ゲーム機,げーむき,ゲームキ,拠回 大型,電池をはずして出す。高さ30cm×幅40cm×奥行40cm以下のものは「拠回」、それより大きい場合は「大型」
ゲームのソフト,げーむのそふと,ゲームノソフト,拠回,記憶媒体、小型家電に分ける
劇物,げきぶつ,ゲキブツ,禁止,販売店に相談
劇薬,げきやく,ゲキヤク,禁止,販売店に相談
血圧計,けつあつけい,ケツアツケイ,拠回 燃やす,"デジタル式,水銀を使ったもの。それ以外は「燃やす」へ"
健康器具(電気・電池で動くもの),けんこうきぐ,ケンコウキグ,拠回 大型,電池をはずして出す。高さ30cm×幅40cm×奥行40cm以下のものは「拠回」、それより大きい場合は「大型」
剣山,けんざん,ケンザン,拠回 燃やす,危険がないように厚紙等に包んで持ち込む(「燃やす」で出す場合も危険がないように厚紙等に包んで袋の中央に入れる)
原動機付き自転車,げんどうきつきじてんしゃ,ゲンドウキツキジテンシャ,禁止,販売店や二輪車リサイクルコールセンターへ相談
コード類,こーどるい,コードルイ,拠回 大型,ドラム式のものは「大型」
コーヒーメーカー,こーひーめーかー,コーヒーメーカー,拠回 大型,高さ30cm×幅40cm×奥行40cm以下のものは「拠回」、それより大きい場合は「大型」
ござ,ござ,ゴザ,大型,
こたつ,こたつ,コタツ,大型,
コップ,こっぷ,コップ,拠回 小金 燃やす,陶磁器製は「拠回」(移動式回収のみ)。金属製は「小金」。その他は「燃やす」
子供の乗り物・遊具(三輪車・自転車・ブランコなど）,こどもののりものゆうぐ,コドモノノリモノユウグ,大型,
碁盤,ごばん,ゴバン,大型,
ごみ箱,ごみばこ,ゴミバコ,大型,
ゴム製品(ゴム手袋・ゴム長靴など),ごむせいひん,ゴムセイヒン,燃やす,
ゴム手袋,ごむてぶくろ,ゴムテブクロ,燃やす,
ゴム長靴,ごむながぐつ,ゴムナガグツ,燃やす,
米びつ,こめびつ,コメビツ,大型,
ハイザー,はいざー,ハイザー,大型,
コルク抜き,こるくぬき,コルクヌキ,拠回 燃やす,危険がないように厚紙等に包んで持ち込む(「燃やす」で出す場合も危険がないように厚紙等に包んで袋の中央に入れる)
ゴルフクラブ,ごるふくらぶ,ゴルフクラブ,大型,
ゴルフバッグ,ごるふばっぐ,ゴルフバッグ,大型,
ゴルフボール,ごるふぼーる,グルフボール,燃やす,
コンクリートブロック,こんくりーとぶろっく,コンクリートブロック,大型,
コンタクトレンズ,こんたくとれんず,コンタクトレンズ,燃やす,
コンロ,こんろ,コンロ,大型,
在宅医療用のビニールバッグ・チューブ・ カテーテル類,ざいたくいりょうよう,ザイタクイリョウヨウ,燃やす,注射針は必ず交付された医療機関等に返却
ビニールバッグ(在宅医療用),びにーるばっぐ,ビニーブバッグ,燃やす,
チューブ(在宅医療用),ちゅーぶ,チューブ,燃やす,
カテーテル(在宅医療用),かてーてる,カテーテル,燃やす,
サイドボード,さいどぼーど,サイドボード,大型,
雑誌,ざっし,ザッシ,雑がみ,
座布団,ざぶとん,ザブトン,燃やす 大型,1回の排出で2袋までは「燃やす」(片手で持てる重さ)。それ以上は「大型」
皿,さら,サラ,拠回 小金 燃やす,陶磁器製は「拠回」(移動式回収のみ)。金属製は「小金」。その他は「燃やす」
ざる,ざる,ザル,小金 燃やす,金属製で30cm以下のものは「小金」。それ以外は「燃やす」
サンダル,さんだる,サンダル,燃やす,
三輪車,さんりんしゃ,サンリンシャ,大型,
シーツ,しーつ,シーツ,拠回 燃やす 大型,汚れているものは「燃やす」。1回の排出で2袋までは「燃やす」(片手で持てる重さ)。それ以外は「大型」
CD,CD,CD,拠回 燃やす,中身と一緒ならケースごと回収。ケースのみは不可(「燃やす」へ)
CDラジカセ,CDらじかせ,CDラジカセ,拠回 大型,電池をはずして出す。高さ30cm×幅40cm×奥行40cm以下のものは「拠回」、それより大きい場合は「大型」
CDプレイヤー,CDぷれいやー,CDプレイヤー,拠回 大型,電池をはずして出す。高さ30cm×幅40cm×奥行40cm以下のものは「拠回」、それより大きい場合は「大型」
敷物,しきもの,シキモノ,大型,
下着,したぎ,シタギ,拠回 燃やす,汚れがひどい・とれないものは「燃やす」へ
下敷き,したじき,シタジキ,燃やす,
七輪,しちりん,シチリン,大型,
湿気取剤,しっけとりざい,シッケトリザイ,燃やす,
自転車,じてんしゃ,ジテンシャ,大型,電動自転車のバッテリーは不可。販売店等に相談
自転車の空気入れ,じてんしゃのくうきいれ,ジテンシャノクウキイレ,大型,
自動車,じどうしゃ,ジドウシャ,禁止,販売店に相談
自動車部品(マフラー・バンパーなど),じどうしゃのぶひん,ジドウシャノブヒン,禁止,販売店に相談
マフラー(自動車部品),まふらー,マフラー,禁止,販売店に相談
バンパー(自動車部品),ばんぱー,バンパー,禁止,販売店に相談
芝刈り機(家庭用),しばかりき,シバカリキ,大型,
シャープペンシル,しゃーぷぺんしる,シャープペンシル,燃やす,
写真,しゃしん,シャシン,燃やす,
しゃもじ,しゃもじ,シャモジ,燃やす,
ジューサー,じゅーさー,ジューサー,拠回 大型,電池をはずして出す。高さ30cm×幅40cm×奥行40cm以下のものは「拠回」、それより大きい場合は「大型」
ミキサー,みきさー,ミキサー,拠回 大型,電池をはずして出す。高さ30cm×幅40cm×奥行40cm以下のものは「拠回」、それより大きい場合は「大型」
じゅうたん,じゅうたん,ジュウタン,大型,
充電器,じゅうでんき,ジュウデンキ,拠回,
充電式電池,じゅうでんしきでんち,ジュウデンシキデンチ,拠回 店頭,小型充電式電池(ニカド電池、ニッケル水素電池、リチウムイオン電池)は「拠回」でも可
収納ケース,しゅうのうけーす,シュウノウケース,大型,
収納庫,しゅうのうこ,シュウノウコ,大型,
消火器,しょうかき,ショウカキ,禁止,(株)消火器リサイクル推進センターへ相談
定規,じょうぎ,ジョウギ,燃やす,
将棋盤,しょうぎばん,ショウギバン,大型,
しょうじ,しょうじ,ショウジ,大型,
浄水器,じょうすいき,ジョウスイキ,大型,
浄水器カートリッジ,じょうすいきかーとりっじ,ジョウスイキカートリッジ,燃やす,
使用済てんぷら油,しようずみてんぷらあぶら,シヨウズミテンプラアブラ,拠回 燃やす,植物油に限る。ラードなどの動物性油は紙等に染み込ませて「燃やす」
照明器具,しょうめいきぐ,ショウメイキグ,拠回 大型,電池をはずして出す。高さ30cm×幅40cm×奥行40cm以下のものは「拠回」、それより大きい場合は「大型」
じょうろ,じょうろ,ジョウロ,小金 燃やす,金属製で30cm以下のものは「小金」。それ以外は「燃やす」
除湿機,じょしつき,ジョシツキ,拠回 大型,電池をはずして出す。高さ30cm×幅40cm×奥行40cm以下のものは「拠回」、それより大きい場合は「大型」
除湿剤,じょしつざい,ジョシツザイ,燃やす,水分がある場合は水を切ってから出す
食器,しょっき,ショッキ,拠回 小金 燃やす,陶磁器製は「拠回」(移動式回収のみ)。金属製は「小金」。その他は「燃やす」
食器乾燥機,しょっきかんそうき,ショッキカンソウキ,大型,
食器棚,しょっきだな,ショッキダナ,大型,
シンナー類,しんなーるい,シンナールイ,禁止,販売店に相談。移動式拠点回収も可
新聞,しんぶん,シンブン,新聞,
水槽,すいそう,スイソウ,大型,
水筒,すいとう,スイトウ,小金 燃やす,金属製で30cm以下のものは「小金」。それ以外は「燃やす」
炊飯器,すいはんき,スイハンキ,拠回 大型,電池をはずして出す。高さ30cm×幅40cm×奥行40cm以下のものは「拠回」、それより大きい場合は「大型」
スーツケース,すーつけーす,スーツケース,大型,中身は空にして出す
スーツロッカー(ナイロン製・布製のもの),すーつろっかー,スーツロッカー,大型,
スキー用具類,すきーようぐるい,スキーヨウグルイ,大型,
スキャナ,すきゃな,スキャナ,拠回 大型,電池をはずして出す。高さ30cm×幅40cm×奥行40cm以下のものは「拠回」、それより大きい場合は「大型」
スケートボード,すけーとぼーど,スケートボード,大型,
スコップ,すこっぷ,スコップ,小金 燃やす 大型,金属製で30cm以下のものは「小金」。それ以外で片手で持てる重さなら「燃やす」。その他は「大型」
すずり,すずり,スズリ,燃やす,
すだれ,すだれ,スダレ,大型,
スティックのり,すてぃっくのり,スティックノリ,燃やす プラ,キャップはプラ
ストーブ,すとーぶ,ストーブ,拠回 大型,電池をはずして出す。高さ30cm×幅40cm×奥行40cm以下のものは「拠回」、それより大きい場合は「大型」
ストロー,すとろー,ストロー,燃やす プラ,外袋はプラ製なら「プラ」。
砂,すな,スナ,燃やす 大型,1回の排出で2袋までは「燃やす」(片手で持てる重さ)。それ以上は「大型」
スノーボード,すのーぼーど,スノーボード,大型,
すのこ,すのこ,スノコ,大型,
スピーカー,すぴーかー,スピーカー,拠回 大型,電池をはずして出す。高さ30cm×幅40cm×奥行40cm以下のものは「拠回」、それより大きい場合は「大型」
スプーン,すぷーん,スプーン,小金 燃やす,
スプレー缶,すぷれーかん,スプレーカン,小金 プラ,中身が残っている場合は火の気のない屋外で使い切ってから穴を開けずに出す。プラ製のキャップは「プラ」へ
スポンジ,すぽんじ,スポンジ,燃やす,
ズボンプレッサー,ずぼんぷれっさー,ズボンプレッサー,大型,
スマートフォン,すまーとふぉん,スマートフォン,拠回,通信事業者が回収しているものもある
炭,すみ,スミ,燃やす 大型,1回の排出で2袋までは「燃やす」(片手で持てる重さ)。それ以上は「大型」
スリッパ,すりっぱ,スリッパ,燃やす,
生理用品,せいりようひん,セイリヨウヒン,燃やす,
石油類,せきゆるい,セキユルイ,禁止,販売店に相談。移動式拠点回収も可(ガソリンは4リットル、それ以外は20リットルまで)
接着剤(容器),せっちゃくざいようき,セッチャクザイヨウキ,燃やす,
せともの,さともの,セトモノ,拠回 燃やす 大型,陶磁器製の食器は「拠回」(移動式回収のみ)。その他は1回の排出で2袋までは「燃やす」(片手で持てる重さ)、それ以外は「大型」
洗剤の計量スプーン,せんざいのけいりょうすぷーん,センザイノケイリョウスプーン,燃やす,
洗浄剤,せんじょうざい,センジョウザイ,禁止,販売店に相談。移動式拠点回収も可種類による)
洗濯機,せんたくき,センタクキ,リ法,
洗濯ばさみ,せんたくばさみ,センタクバサミ,燃やす,
せん定枝,せんていえだ,センテイエダ,拠回 燃やす 大型,長さは1m、重さは20kg以内で束ねていれば移動式拠点回収可(土は取り除く)。1回の排出で2袋までは「燃やす(」片手で持てる重さ)、それ以外は「大型」
扇風機,せんぷうき,センプウキ,拠回 大型,電池をはずして出す。高さ30cm×幅40cm×奥行40cm以下のものは「拠回」、それより大きい場合は「大型」
ぞうきん,ぞうきん,ゾウキン,燃やす,
掃除機,そうじき,ソウジキ,拠回 大型,電池をはずして出す。高さ30cm×幅40cm×奥行40cm以下のものは「拠回」、それより大きい場合は「大型」
ソファー,そふぁー,ソファー,大型,
台(テレビ台・電話台・花台他),だい,ダイ,大型,
テレビ台,てれびだい,テレビダイ,大型,
電話台,でんわだい,デンワダイ,大型,
花台,かだい,カダイ,大型,
体温計,たいおんけい,タイオンケイ,拠回 燃やす,デジタル式、水銀を使ったもの。それ以外は「燃やす」へ
台車,だいしゃ,ダイシャ,大型,
キャリア,きゃりあ,キャリア,大型,
体重計,たいじゅうけい,タイジュウケイ,拠回 大型,電池をはずして出す。高さ30cm×幅40cm×奥行40cm以下のものは「拠回」、それより大きい場合は「大型」
ヘルスメーター,へるすめーたー,ヘルスメーター,拠回 大型,電池をはずして出す。高さ30cm×幅40cm×奥行40cm以下のものは「拠回」、それより大きい場合は「大型」
タイヤ,たいや,タイヤ,禁止,販売店に相談
タオル,たおる,タオル,拠回 燃やす,汚れがひどい・とれないものは「燃やす」へ
タオルケット,たおるけっと,タオルケット,拠回 燃やす,汚れがひどい・とれないものは「燃やす」へ
たたみ,たたみ,タタミ,大型,
建具,たてぐ,タテグ,大型,住宅廃材は不可
卓球台,たっきゅうだい,タッキュウダイ,大型,
脱臭剤,だっしゅうざい,ダッシュウザイ,燃やす プラ,外箱や包装フィルムについては、プラ製なら「プラ」
タッパー,たっぱー,タッパー,燃やす,
棚(本棚・食器棚など),たな,タナ,大型,
本棚,ほんだな,ホンダナ,大型,
食器棚,しょっきだな,ショッキダナ,大型,
タバコの吸殻・灰,たばこのすいがらはい,タバコノスイガラハイ,燃やす,完全に火を消して湿らした状態で「燃やす」
タブレット端末,たぶれっとたんまつ,タブレットタンマツ,リ法 拠回,PCリサイクルマークがついているものは「リ法」。それ以外は「拠回」
たわし,たわし,タワシ,燃やす,
たんす,たんす,タンス,大型,
ダンベル,だんべる,ダンベル,大型,
ダンボール,だんぼーる,ダンボール,ダンボール,
チェーン,ちぇーん,チェーン,小金 禁止,袋に入り、片手で持てる範囲の重さであれば「小金」。それ以外は販売店に相談
地球儀,ちきゅうぎ,チキュウギ,燃やす 大型,片手で持てる重さのものは「燃やす」。それ以外は「大型」
チャイルドシート,ちゃいるどしーと,チャイルドシート,大型,
茶殻,ちゃがら,チャガラ,燃やす,
茶碗,ちゃわん,チャワン,拠回 燃やす 大型,陶磁器製の食器は「拠回」(移動式回収のみ)。その他は1回の排出で2袋までは「燃やす」(片手で持てる重さ)、それ以外は「大型」
注射針,ちゅうしゃき,チュウシャキ,禁止,交付された医療機関等に必ず返却
チューブ類(容器),ちゅーぶるい,チューブルイ,プラ 燃やす,中をすすぐ。汚れが取れない場合は「燃やす」
彫刻刀,ちょうこくとう,チョウコクトウ,拠回 燃やす,危険がないように厚紙等に包んで持ち込む(「燃やす」で出す場合も危険がないように厚紙等に包んで袋の中央に入れる)
調理器具,ちょうりきぐ,チョウリキグ,小金 大型,鍋・釜・やかん・フライパンなど金属製で30cm以下のものは「小金」。それ以外は「大型」
チラシ,ちらし,チラシ,雑がみ,
ちり紙,ちりがみ,チリガミ,燃やす,
ティッシュペーパー,てぃっしゅぺーぱー,ティッシュペーパー,燃やす,
ちりとり,ちりとり,チリトリ,小金 燃やす 大型,金属製で30cm以下のものは「小金」。それ以外で片手で持てる重さなら「燃やす」。その他は「大型」
ついたて,ついたて,ツイタテ,大型,
机,つくえ,ツクエ,大型,
テーブル,てーぶる,テーブル,大型,
漬物樽,つけものだる,ツケモノダル,大型,
土,つち,ツチ,燃やす 大型,1回の排出で2袋までは「燃やす」(片手で持てる重さ)。それ以上は「大型」
釣竿,つりざお,ツリザオ,燃やす 大型,片手で持てる程度でごみ袋が縛れる状態なら「燃やす」。それ以外は「大型」
ディスプレイ,でぃすぷれい,ディスプレイ,リ法 拠回 大型,パソコンディスプレイはP17の方法でリサイクル。その他のモニターは大きさが高さ30cm×幅40cm×奥行40cm以下のものは「拠回」、それより大きい場合は「大型」
DVD,DVD,DVD,拠回 燃やす,中身と一緒ならケースごと回収。ケースのみは不可(「燃やす」へ)
DVDプレイヤー,DVDぷれいやー,DVDプレイヤー,拠回 大型,電池をはずして出す。高さ30cm×幅40cm×奥行40cm以下のものは「拠回」、それより大きい場合は「大型」
テープレコーダー,てーぷれこーだー,テープレコーダー,拠回,電池をはずして出す
手押車,ておしぐるま,テオシグルマ,大型,
デジタルカメラ,でじたるかめら,デジタルカメラ,拠回,電池をはずして出す
手帳,てちょう,テチョウ,雑がみ,紙以外の部分は取り除く
鉄アレイ,てつあれい,テツアレイ,大型,
鉄板(家庭用),てっぱん,テッパン,小金 大型,30cm以下のものは「小金」。それ以外は「大型」
手ぬぐい,てぬぐい,テヌグイ,拠回 燃やす,汚れがひどい・とれないものは「燃やす」へ
手袋(革製・布製),てぶくろ,テブクロ,拠回 燃やす,汚れがひどい・とれないものは「燃やす」へ
テレビ,てれび,テレビ,リ法,
電気カミソリ,でんきかみそり,デンキカミソリ,拠回,電池をはずして出す
電気スタンド,でんきすたんど,デンキスタンド,拠回 大型,電池をはずして出す。高さ30cm×幅40cm×奥行40cm以下のものは「拠回」、それより大きい場合は「大型」
電気ポット,でんきぽっと,デンキポット,拠回 大型,高さ30cm×幅40cm×奥行40cm以下のものは「拠回」、それより大きい場合は「大型」
電球,でんきゅう,デンキュウ,燃やす 拠回,厚紙等に包んで袋の中央に入れ危険のないように出す。電球型蛍光管は「拠回」
電子オルガン,でんしおるがん,デンシオルガン,大型,ピアノ線を使用しているものは不可。重量によっては、販売店等に相談
電子ピアノ,でんしぴあの,デンシピアノ,大型,ピアノ線を使用しているものは不可。重量によっては、販売店等に相談
電子辞書,でんしじしょ,デンシジショ,拠回,電池をはずして出す
電子手帳,でんしてちょう,デンシテチョウ,拠回,電池をはずして出す
電卓,でんたく,デンタク,拠回,電池をはずして出す
電磁調理器,でんじちょうりき,デンジチョウリキ,拠回 大型,高さ30cm×幅40cm×奥行40cm以下のものは「拠回」、それより大きい場合は「大型」
電子レンジ,でんしれんじ,デンシレンジ,拠回 大型,高さ30cm×幅40cm×奥行40cm以下のものは「拠回」、それより大きい場合は「大型」
天体望遠鏡,てんたいぼうえんきょう,テンタイボウエンキョウ,大型,
電池（アルカリ乾電池・マンガン乾電池・ボタン電池）,でんち,デンチ,店頭,店頭へ。小型充電式電池(ニカド電池、ニッケル水素電池、リチウムイオン電池)は「拠回」でも可
アルカリ乾電池,あるかりかんでんち,アルカリカンデンチ,店頭,
マンガン乾電池,まんがんかんでんち,マンガンカンデンチ,店頭,
ボタン電池,ぼたんでんち,ボタンデンチ,店頭 拠回,
ニカド電池,にかどでんち,ニカドデンチ,店頭 拠回,
ニッケル水素電池,にっけるすいそでんち,ニッケルスイソデンチ,店頭 拠回,
リチウムイオン電池,りちうむいおんでんち,リチウムイオンデンチ,店頭 拠回,
テント,てんと,テント,大型,
電動アシスト自転車,でんどうあしすとじてんしゃ,デンドウアシストジテンシャ,大型,バッテリーは不可
電動のこぎり,でんどうのこぎり,デンドウノコギリ,大型,
電動歯ブラシ,でんどうはぶらし,デンドウハブラシ,拠回,電池をはずして出す
電話機(ファックス含む),でんわき,デンワキ,拠回 大型,電池をはずして出す。高さ30cm×幅40cm×奥行40cm以下のものは「拠回」、それより大きい場合は「大型」
電話帳,でんわちょう,デンワチョウ,雑がみ,返却できなかった場合
砥石(といし),といし,トイシ,燃やす,
陶器・壺,とうき,トウキ,拠回 燃やす 大型,陶磁器製の食器は「拠回」(移動式回収のみ)。その他は1回の排出で2袋までは「燃やす」(片手で持てる重さ)、それ以外は「大型」
壺,つぼ,ツボ,燃やす 大型,1回の排出で2袋までは「燃やす」(片手で持てる重さ)、それ以外は「大型」
灯油,とうゆ,トウユ,禁止,販売店に相談。移動式拠点回収も可(20リットルまで)
灯油ポリタンク,とうゆぽりたんく,トウユポリタンク,大型,中身は空にして出す
トースター,とーすたー,トースター,拠回 大型,電池をはずして出す。高さ30cm×幅40cm×奥行40cm以下のものは「拠回」、それより大きい場合は「大型」
時計(電気・電池で動くもの),とけい,トケイ,拠回,電池をはずして出す
トタン板(波板),とたんいた,トタンイタ,大型,
波板,なみいた,ナミイタ,大型,
ドライヤー,どらいやー,ドライヤー,拠回,
ドラムセット,どらむせっと,ドラムセット,大型,
トランク,とらんく,トランク,大型,
トランペット,とらんぺっと,トランペット,大型,
鳥かご,とりかご,トリカゴ,小金 大型,金属製で30cm以下のものは「小金」。それ以外は「大型」
塗料(ペンキなど),とりょうぺんき,トリョウペンキ,禁止,販売店に相談。移動式拠点回収でも可
塗料(ペンキなど)の空き缶,とりょうぺんきのあきかん,トリョウペンキノアキカン,燃やす 大型,1回の排出で2袋までは「燃やす」(片手で持てる重さ)。それ以上は「大型」
トレイ,とれい,トレイ,店頭 プラ,
ナイフ(カミソリ・カッターなど),ないふ,ナイフ,拠回 燃やす,危険がないように厚紙等に包んで持ち込む(「燃やす」で出す場合も危険がないように厚紙等に包んで袋の中央に入れる)
カミソリ,かみそり,カミソリ,拠回 燃やす,危険がないように厚紙等に包んで持ち込む(「燃やす」で出す場合も危険がないように厚紙等に包んで袋の中央に入れる)
カッター,かったー,カッター,拠回 燃やす,危険がないように厚紙等に包んで持ち込む(「燃やす」で出す場合も危険がないように厚紙等に包んで袋の中央に入れる)
中仕切り(菓子箱などに入っているもの),なかしきり,ナカシキリ,プラ 雑がみ,紙製のものは「雑がみ」
なべ,なべ,ナベ,小金 大型,金属製で30cm以下のものは「小金」。それ以外は「大型」
生ごみ(調理くず),なまごみ,ナカゴミ,燃やす,十分に水切りをして出す
調理くず,ちょうりくず,チョウリクズ,燃やす,十分に水切りをして出す
人形,にんぎょう,ニンギョウ,燃やす 大型,1回の排出で2袋までは「燃やす」(片手で持てる重さ)。それ以上は「大型」
人形ケース,にんぎょうけーす,ニンギョウケース,大型,人形が入ったままでも収集可能
ぬいぐるみ,ぬいぐるみ,ヌイグルミ,燃やす 大型,1回の排出で2袋までは「燃やす」(片手で持てる重さ)。それ以上は「大型」
布類,ぬのるい,ヌノルイ,拠点 燃やす,汚れがひどい・とれないものは「燃やす」へ
ねじ,ねじ,ネジ,燃やす,厚紙等に包んで袋の中央に入れ、危険のないように出す
ネット(台所用・水切り用など),ねっと,ネット,燃やす,水分がある場合は水を切ってから出す
ネット(たまねぎ・みかんなど),ねっと,ネット,プラ,
粘土(紙ねんどなど),ねんど,ネンド,燃やす 大型,1回の排出で2袋までは「燃やす」(片手で持てる重さ)。それ以上は「大型」
紙ねんど,かみねんど,カミネンド,燃やす 大型,1回の排出で2袋までは「燃やす」(片手で持てる重さ)。それ以上は「大型」
農薬,のうやく,ノウヤク,禁止,販売店に相談。移動式拠点回収も可(種類によっては1リットル×2本まで可)
ノート,のーと,ノート,雑がみ,
ノートパソコン,のーとぱそこん,ノートパソコン,リ法,
のこぎり,のこぎり,ノコギリ,拠回 燃やす 大型,危険がないように厚紙等に包んで持ち込む。(「燃やす」で出す場合も危険がないように厚紙等に包んで袋の中央に入れる。)電動のこぎりは「大型」
ノミ,のみ,ノミ,拠回 燃やす,危険がないように厚紙等に包んで持ち込む。(「燃やす」で出す場合も危険がないように厚紙等に包んで袋の中央に入れる。)
バーベル,ばーべる,バーベル,大型,
灰,はい,ハイ,燃やす 大型,1回の排出で2袋までは「燃やす」(片手で持てる重さ)。それ以上は「大型」
バイク,ばいく,バイク,禁止,販売店や二輪車リサイクルコールセンターへ相談
灰皿,はいざら,ハイザラ,小金 燃やす,金属製で30cm以下のものは「小金」それ以外は「燃やす」。ガラス製、陶器製のものは厚紙等に包んで袋の中央に入れ、危険のないように出す
パイプ,ぱいぷ,パイプ,大型,
パイプハンガー,ぱいぷはんがー,パイプハンガー,大型,
パイプベッド,ぱいぷべっど,パイプベッド,大型,
廃油(機械油),はいゆ,ハイユ,禁止,販売店に相談。移動式拠点回収も可(20リットルまで)
機械油,きかいあぶら,キカイアブラ,禁止,販売店に相談。移動式拠点回収も可(20リットルまで)
はがき,はがき,ハガキ,雑がみ,
バケツ,ばけつ,バケツ,小金 燃やす 大型,金属製で30cm以下のものは「小金」。それ以外で片手で持てる重さなら「燃やす」。その他は「大型」
はさみ,はさみ,ハサミ,拠回 燃やす,危険がないように厚紙等に包んで持ち込む(「燃やす」で出す場合も危険がないように厚紙等に包んで袋の中央に入れる)
はしご,はしご,ハシゴ,大型,
パソコンデスク,ぱそこんですく,パソコンデスク,大型,
パソコンラック,ぱそこんらっく,パソコンラック,大型,
パソコン本体,ぱそこんほんたい,パソイコンホンタイ,リ法,購入時の標準添付品を含む
パチンコ台(家庭用),ぱちんこだい,パチンコダイ,大型,
バッグ,ばっぐ,バッグ,燃やす 大型,1回の排出で2袋までは「燃やす」(片手で持てる重さ)。それ以上は「大型」
バッテリー(自転車・バイク用)・発電機,ばってりー,バッテリー,禁止,販売店に相談
発電機,はつでんき,ハツデンキ,禁止,販売店に相談
バット,ばっと,バット,大型,
発泡スチロール,はっぽうすちろーる,ハッポウスチロール,プラ 燃やす,商品の容器、緩衝材は「プラ」。それ以外は「燃やす」
花火,はなび,ハナビ,燃やす,水に湿らせた状態で出す
パネルヒーター,ぱねるひーたー,パネルヒーター,大型,
歯ブラシ,はぶらし,ハブラシ,燃やす,
刃物類(はさみ・包丁など),はものるい,ハモノルイ,拠回 燃やす,危険がないように厚紙等に包んで持ち込む(「燃やす」で出す場合も危険がないように厚紙等に包んで袋の中央に入れる)
はさみ,はさみ,ハサミ,拠回 燃やす,危険がないように厚紙等に包んで持ち込む(「燃やす」で出す場合も危険がないように厚紙等に包んで袋の中央に入れる)
包丁,ほうちょう,ホウチョウ,拠回 燃やす,危険がないように厚紙等に包んで持ち込む(「燃やす」で出す場合も危険がないように厚紙等に包んで袋の中央に入れる)
バラン,ばらん,バラン,燃やす,
針,はり,ハリ,燃やす,厚紙等に包んで袋の中央に入れ、危険がないように出す
針金,はりがね,ハリガネ,燃やす,厚紙等に包んで袋の中央に入れ、危険がないように出す
バリケード,ばりけーど,バリケード,大型,
ハンガー,はんがー,ハンガー,燃やす,クリーニング店でもらったものは返却可能か確認
パンフレット,ぱんふれっと,パンフレット,雑がみ,
ピアノ,ぴあの,ピアノ,禁止,販売店や専門業者に相談
BSチューナー,BSちゅーなー,BSチューナー,拠回,
ビーチパラソル,びーちぱらそる,ビーチパラソル,大型,
ビデオカメラ,びでおかめら,ビデオカメラ,拠回,電池をはずして出す
ビデオデッキ,びでおでっき,ビデオデッキ,拠回 大型,高さ30cm×幅40cm×奥行40cm以下のものは「拠回」、それより大きい場合は「大型」
ビニールシート,びにーるしーと,ビニールシート,燃やす 大型,1回の排出で2袋までは「燃やす」(片手で持てる重さ)。それ以上は「大型」
ビニール袋,びにーるるい,ビニールルイ,プラ 燃やす,商品を包んでいたものは「プラ」。それ以外は「燃やす」
火鉢,ひばち,ヒバチ,大型,
ひも(荷造りひも),ひも,ヒモ,燃やす,
荷造りひも,につくりひも,ニツクリヒモ,燃やす,
びん(再使用を目的としないもの),びん,ビン,缶等,割れたものは危険がないように厚紙等に包んで袋の中央に入れ「燃やす」へ
びん(リユースびん),びん,ビン,店頭 拠回,中をすすぐ。割れたものは危険がないように厚紙等に包んで袋の中央に入れ「燃やす」へ
びん(割れたもの),びん,ビン,燃やす,
びんのふた,びんのふた,ビンノフタ,プラ 燃やす,プラ製のものは「プラ」。それ以外は「燃やす」
ファクシミリ(ファックス),ふぁくしみり,ファクシミリ,拠回 大型,高さ30cm×幅40cm×奥行40cm以下のものは「拠回」、それより大きい場合は「大型」
ファックス,ふぁっくす,ファックス,拠回 大型,高さ30cm×幅40cm×奥行40cm以下のものは「拠回」、それより大きい場合は「大型」
ファンヒーター,ふぁんひーたー,ファンヒーター,拠回 大型,電池をはずして出す。高さ30cm×幅40cm×奥行40cm以下のものは「拠回」、それより大きい場合は「大型」
フィルム(写真用),ふぃるむ,フィルム,燃やす,
封筒,ふうとう,フウトウ,雑がみ,
プール(家庭用),ぷーる,プール,大型,
フォーク,ふぉーく,フォーク,燃やす,厚紙等に包んで袋の中央に入れ、危険のないように出す
ふすま,ふすま,フスマ,大型,
ふた,ふた,フタ,プラ 燃やす,プラ製のものは「プラ」。それ以外は「燃やす」
筆,ふで,フデ,燃やす,
筆箱,ふでばこ,フデバコ,小金 燃やす,金属製で30cm以下のものは「小金」。それ以外は「燃やす」
ふとん,ふとん,フトン,大型,
ふとん乾燥機,ふとんかんそうき,フトンカンソウキ,拠回 大型,高さ30cm×幅40cm×奥行40cm以下のものは「拠回」、それより大きい場合は「大型」
フライパン,ふらいぱん,フライパン,小金,
フライ返し,ふらいがえし,フライガエシ,小金 燃やす,金属製で30cm以下のものは「小金」。それ以外は「燃やす」
ブラインド,ぶらいんど,ブラインド,大型,
ブラシ,ぶらし,ブラシ,燃やす,
くし,くし,クシ,燃やす,
プラスチック包装フィルム,ぷらすちっくせいほうそうふぃるむ,プラスチックホウソウフィルム,プラ 燃やす,汚れを洗う。汚れが取れないものは「燃やす」
プラモデル,ぷらもでる,プラモデル,燃やす,
フラワースタンド,ふらわーすたんど,フラワースタンド,燃やす 大型,1回の排出で2袋までは「燃やす」(片手で持てる重さ)。それ以外は「大型」
ブランコ(家庭用),ぶらんこ,ブランコ,大型,
プランター,ぷらんたー,プランター,燃やす 大型,1回の排出で2袋までは「燃やす」(片手で持てる重さ)。それ以外は「大型」
プリンタ,ぷりんた,プリンタ,拠回 大型,高さ30cm×幅40cm×奥行40cm以下のものは「拠回」、それより大きい場合は「大型」
ブルーレイディスク,ぶるーれいでぃすく,ブルーレイディスク,拠回 燃やす,中身と一緒ならケースごと回収。ケースのみは不可(「燃やす」へ)
ブルーレイプレイヤー,ぶるーれいぷれいやー,ブルーレイプレイヤー,拠回 大型,高さ30cm×幅40cm×奥行40cm以下のものは「拠回」、それより大きい場合は「大型」
ブルーレイレコーダー,ぶるーれいれこーだー,ブレーレイレコーダー,拠回 大型,高さ30cm×幅40cm×奥行40cm以下のものは「拠回」、それより大きい場合は「大型」
フロッピーディスク,ふろっぴーでぃすく,フロッピーディスク,拠回 燃やす,中身と一緒ならケースごと回収。ケースのみは不可(「燃やす」へ)
風呂のいす,ふろのいす,フロノイス,燃やす 大型,片手で持てる程度でごみ袋が縛れる状態なら「燃やす」。それ以外は「大型」
風呂のふた,ふろのふた,フロノフタ,大型,
風呂の床マット,ふろのゆかまっと,フロノユカマット,燃やす 大型,片手で持てる重さなら「燃やす」。それ以外は「大型」
ヘアピン,へあぴん,ヘアピン,燃やす,
ペーパーパンチ,ぺーぱーぱんち,ペーパーパンチ,小金,
ベッド,べっど,ベッド,大型,
ペットの小屋,ぺっとのこや,ペットノコヤ,大型,
ペットのトイレ用シーツ,ぺっとのといれようしーつ,ペットノトイレヨウシーツ,燃やす,
ペットボトル,ぺっとぼとる,ペットボトル,缶等,
ペットボトルのキャップ,ぺっとぼとるのきゃっぷ,ペットボトルノキャップ,プラ,
ペットボトルのラベル,ぺっとぼとるのらべる,ペットボトルノラベル,プラ,
ヘッドホン,へっどほん,ヘッドホン,拠回,
ベビーカー,べびーかー,ベビーカー,大型,
ベビーチェアー,べびーちぇあー,ベビーチェアー,大型,
ベビーバス,べびーばす,ベビーバス,大型,
ベビーベッド,べびーべっど,ベビーベッド,大型,
へら,へら,ヘラ,小金 燃やす,金属製のものは「小金」。それ以外は「燃やす」
ベルト,べると,ベルト,燃やす,
ヘルメット,へるめっと,ヘルメット,大型,
便座,べんざ,ベンザ,大型,
ベンチ(家庭用),べんち,ベンチ,大型,
弁当の容器外フィルム,べんとうのようきがいふぃるむ,ベントウノヨウキガイフィルム,プラ,
ホイール,ほいーる,ホイール,禁止,販売店に相談
ボイラー,ぼいらー,ボイラー,禁止,販売店に相談
棒,ぼう,ボウ,小金 燃やす 大型,金属製で30cm以下のものは「小金」。それ以外で片手で持てる重さのものは「燃やす」。その他は「大型」
望遠鏡,ぼうえんきょう,ボウエンキョウ,大型,
ほうき,ほうき,ホウキ,燃やす 大型,片手で持てる程度でごみ袋が縛れる状態なら「燃やす」。それ以外は「大型」
帽子,ぼうし,ボウシ,拠回,汚れがひどい・とれないものは「燃やす」へ
包装紙,ほうそうし,ホウソウシ,雑がみ,
包丁,ほうちょう,ホウチョウ,拠回 燃やす,危険がないように厚紙等に包んで持ち込む(「燃やす」で出す場合も危険がないように厚紙等に包んで袋の中央に入れる)
ボウリングの玉,ぼうりんぐのたま,ボウリングノタマ,大型,
ボウル(台所用品),ぼうる,ボウル,小金 燃やす,金属製のものは「小金」。その他のものは「燃やす」
ほうろう鍋(ホーロー鍋),ほうろうなべ,ホウロウナベ,小金,
ホーロー鍋,ほーろーなべ,ホーローナベ,小金,
ホース,ほーす,ホース,燃やす 大型,1回の排出で2袋までは「燃やす」(片手で持てる重さ)。それ以外は「大型」
ホースリール,ほーすりーる,ホースリール,大型,
ポータブルトイレ,ぽーたぶるといれ,ポータブルトイレ,大型,
ポータブルプレイヤー(MD・CD 等),ぽーたぶるぷれいやー,ポータブルプレイヤー,拠回,電池をはずして出す
ホームベーカリー,ほーむべーかりー,ホームベーカリー,大型,
ボール(球),ぼーる,ボール,燃やす,
球,たま,タマ,燃やす,
ボールペン,ぼーるぺん,ボールペン,燃やす,
木刀,ぼくとう,ボクトウ,大型,
ポスター,ぽすたー,ポスター,雑がみ,
ポスト,ぽすと,ポスト,小金 大型,
ホッチキス,ほっちきす,ホッチキス,燃やす,
ポット,ぽっと,ポット,燃やす 大型,
ホットプレート,ほっとぷれーと,ホットプレート,拠回 大型,
ほ乳瓶,ほにゅうびん,ホニュウビン,燃やす,
ポリタンク,ぽりたんく,ポリタンク,大型,
保冷剤,ほれいざい,ホレイザイ,燃やす,
本,ほん,ホン,雑がみ,
ボンベ類,ぼんべるい,ボンベルイ,禁止,販売店や製造会社に相談。カセット式ガスボンベについては「カセット式ガスボンベ」参照
マウス,まうす,マウス,リ法 拠回,パソコンと一緒の場合は「リ法」。それ以外は「拠回」
巻尺,まきじゃく,マキジャク,燃やす,
枕,まくら,マクラ,燃やす 大型,指定袋に入るものは「燃やす」(ごみ袋が縛れる状態のもの)。それ以外は「大型」
マジックペン,まじっくぺん,マジックペン,燃やす,
マッサージチェア,まっさーじちぇあ,マッサージチェア,大型,
マッチ,まっち,マッチ,燃やす,水に浸して出す
マット,まっと,マット,大型,
マットレス,まっとれす,マットレス,大型,
まな板,まないた,マナイタ,燃やす 大型,片手で持てる重さなら「燃やす」。それ以外は「大型」
魔法瓶,まほうびん,マホウビン,小金 大型,30cm以下は「小金」。それ以外は「大型」
ミキサー,みきさー,ミキサー,拠回 大型,電池をはずして出す。高さ30cm×幅40cm×奥行40cm以下のものは「拠回」、それより大きい場合は「大型」
ミシン,みしん,ミシン,拠回 大型,高さ30cm×幅40cm×奥行40cm以下のものは「拠回」、それより大きい場合は「大型」
虫かご,むしかご,ムシカゴ,燃やす 大型,片手で持てる重さなら「燃やす」。それ以外は「大型」
虫ケース,むしけーす,ムシケース,燃やす 大型,片手で持てる重さなら「燃やす」。それ以外は「大型」
虫めがね,むしめがね,ムシメガネ,燃やす,厚紙等に包んで袋の中央に入れ、危険のないように出す
無線機,むせんき,ムセンキ,拠回 大型,
メガネ,めがね,メガネ,燃やす,
メガネケース,めがねけーす,メガネケース,燃やす,
メジャー,めじゃー,メジャー,燃やす,
綿棒,めんぼう,メンボウ,燃やす,
毛布,もうふ,モウフ,拠回 燃やす,汚れがひどい・とれないものは「燃やす」へ
餅つき機(家庭用),もちつきき,モチツキキ,拠回 大型,電池をはずして出す。高さ30cm×幅40cm×奥行40cm以下のものは「拠回」、それより大きい場合は「大型」
モップ,もっぷ,モップ,大型,
物置,ものおき,モノオキ,大型,
収納庫,しゅうのうこ,シュウノウコ,大型,
物干し竿,ものほしざお,モノホシザオ,大型,
物干し台,ものほしだい,モノホシダイ,大型,
やかん,やかん,ヤカン,小金,
USBメモリー,USBめもりー,USBメモリー,拠回,
湯沸器,ゆわかしき,ユワカシキ,大型,
ライター(使い捨て),らいたー,ライター,拠回,
ライター(使い捨て以外),らいたー,ライター,燃やす,使い切って出す
ラケット(テスト・バドミントンなど),らけっと,ラケット,燃やす 大型,1回の排出で2袋までは「燃やす」(片手で持てる重さ)。それ以外は「大型」
ラジオ,らじお,ラジオ,拠回 大型,電池をはずして出す。高さ30cm×幅40cm×奥行40cm以下のものは「拠回」、それより大きい場合は「大型」
ラジカセ,らじかせ,ラジカセ,拠回 大型,電池をはずして出す。高さ30cm×幅40cm×奥行40cm以下のものは「拠回」、それより大きい場合は「大型」
ラック,らっく,ラック,大型,
ラップ(家庭で使用したもの),らっぷ,ラップ,燃やす,商品としてラップを購入し、家庭で使用したもの
ラップ(販売されている商品等を包装しているもの),らっぷ,ラップ,プラ 燃やす,汚れがひどい・とれないものは「燃やす」へ
ランドセル,らんどせる,ランドセル,燃やす,
リアプロジェクションテレビ,りあぷろじぇくしょんてれび,リアプロジェクションテレビ,大型,
リモコン,りもこん,リモコン,拠回,電池をはずして出す
リュックサック,りゅっくさっく,リュックサック,燃やす,
ルーペ,るーぺ,ルーペ,燃やす,厚紙等に包んで袋の中央に入れ、危険のないように出す
冷風機(冷風扇),れいふうき,レイフウキ,拠回 大型,高さ30cm×幅40cm×奥行40cm以下のものは「拠回」、それより大きい場合は「大型」
冷風扇,れいふうせん,レイフウセン,拠回 大型,高さ30cm×幅40cm×奥行40cm以下のものは「拠回」、それより大きい場合は「大型」
冷蔵庫,れいぞうこ,レイゾウコ,リ法,
冷凍庫,れいとうこ,レイトウコ,リ法,
レーザーディスク,れーざーでぃすく,レーザーディスク,拠回 燃やす,中身と一緒ならケースごと回収。ケースのみは不可(「燃やす」へ)
レーザーディスクプレイヤー,れーざーでぃすくぷれいやー,レーザーディスクプレイヤー,拠回 大型,
レコード,れこーど,レコード,拠回,
レジ袋,れじぶくろ,レジブクロ,プラ,
レジャーシート,れじゃーしーと,レジャーシート,燃やす 大型,片手で持てる重さなら「燃やす」。それ以外は「大型」
レンガ,れんが,レンガ,大型,
レンジ台,れんじだい,レンジダイ,大型,
ろうそく,ろうそく,ロウソク,燃やす,
ロープ,ろーぷ,ロープ,燃やす,
ローラースケート,ろーらーすけーと,ローラースケート,大型,
ローラーブレード,ろーらーぶれーど,ローラーブレード,大型,
ロッカー,ろっかー,ロッカー,大型,
ワープロ,わーぷろ,ワープロ,拠回 大型,高さ30cm×幅40cm×奥行40cm以下のものは「拠回」、それより大きい場合は「大型」
ワインセラー,わいんせらー,ワインセラー,リ法,
輪ゴム,わごむ,ワゴム,燃やす,
ワゴン(台所用),わごん,ワゴン,大型,
綿(わた),わた,ワタ,燃やす,
ワックス,わっくす,ワックス,禁止,販売店に相談。移動式拠点回収も可
割り箸,わりばし,ワリバシ,燃やす プラ,外袋はプラ製なら「プラ」